<?xml version="1.0" encoding="UTF-8"?>
<!-- <!DOCTYPE mapper PUBLIC "-//mybatis.org//DTD Mapper 3.0//EN" "http://mybatis.org/dtd/mybatis-3-mapper.dtd"> -->
<!DOCTYPE mapper PUBLIC "-//mybatis.org//DTD Mapper 3.0//EN" "mybatis-3-mapper.dtd">

<mapper namespace="mapper.bbsMapper">
	
	<select id="selectBbsList" parameterType="java.util.HashMap" resultType="java.util.HashMap">
    	SELECT
	    	b.*
	    	, u.userName 
	    FROM 
	    	bbs b
	    LEFT JOIN
	    	user u
	    ON	b.email = u.email
	    <if test="keyword != null and keyword != ''">
			WHERE b.bbsTitle LIKE CONCAT('%', #{keyword}, '%')
	  	</if>
	  	ORDER BY bbsNo DESC
	  	LIMIT 10
	  	OFFSET #{offset}
	  	<!-- 
	    	[Oracle]
	    	SELECT
	    		b.*
	    	FROM (
					SELECT 
			    		ROWNUM
			    		, b.*
			    	FROM (
				    		SELECT 
				    			* 
				    		FROM 
				    			bbs
						    <if test="keyword != null and keyword != ''">
								WHERE bbsTitle LIKE CONCAT('%', #{keyword}, '%')
						  	</if>
						  	ORDER BY 
						  		bbsNo DESC
			    		) b	    	
	    		) b
	    	WHEREH
	    		b.ROWNUM 
    		BETWEEN #{start} AND #{end} 
   		-->
	</select>
	
	<select id="selectBbsListCnt" parameterType="java.util.HashMap" resultType="long">
	    SELECT 
	    	COUNT(1)
	    FROM 
	    	bbs
	    <if test="keyword != null and keyword != ''">
			WHERE bbsTitle LIKE CONCAT('%', #{keyword}, '%')
	  	</if>
	</select>
	
	<select id="selectBbs" parameterType="java.util.HashMap" resultType="java.util.HashMap">
	    SELECT 
	    	b.*
	    	, u.userName
	    FROM 
	    	bbs b
	    LEFT JOIN
	    	user u
	    ON	b.email = u.email
	    WHERE 
	    	b.bbsNo = #{bbsNo}
	</select>
	
	<update id="updateBbsView" parameterType="java.util.HashMap">
	    UPDATE bbs SET views = views+1 WHERE bbsNo = #{bbsNo}
	</update>
	
	<insert id="insertBbs" parameterType="java.util.HashMap">
	    INSERT INTO bbs 
	    (
	    	bbsTitle
	    	, bbsContents
	    	, email
	    )
	    VALUES (
	    	#{bbsTitle}
	    	, #{bbsContents}
	    	, #{email}
	    )
	</insert>
	
	<update id="updateBbs" parameterType="java.util.HashMap">
	    UPDATE 
	    	bbs 
	    SET 
	    	bbsTitle = #{bbsTitle}
	    	, bbsContents = #{bbsContents} 
	    	, userName = #{userName}
	    WHERE 
	    	bbsNo = #{bbsNo}
	</update>
	
	<delete id="deleteBbs" parameterType="java.util.HashMap">
	    DELETE FROM bbs WHERE bbsNo = #{bbsNo}
	</delete>
</mapper>