<?xml version="1.0" encoding="UTF-8"?>
<beans xmlns="http://www.springframework.org/schema/beans" xmlns:xsi="http://www.w3.org/2001/XMLSchema-instance"
	xsi:schemaLocation="http://www.springframework.org/schema/beans http://www.springframework.org/schema/beans/spring-beans-3.2.xsd">

	<bean id="dataSource" class="org.apache.commons.dbcp.BasicDataSource" destroy-method="close">
		<property name="driverClassName" value="com.mysql.cj.jdbc.Driver" />
		<property name="url" value="jdbc:mysql://test.cgedigds08km.ap-northeast-2.rds.amazonaws.com:3306/project?allowMultiQueries=true&amp;characterEncoding=UTF-8&amp;useSSL=false&amp;autoReconnect=true&amp;serverTimezone=Asia/Seoul" />
		<!--
		<property name="driverClassName" value="org.postgresql.Driver" />
		<property name="url" value="jdbc:postgresql://localhost:5432/postgres" />
		
		<property name="driverClassName" value="oracle.jdbc.driver.OracleDriver" />
		<property name="url" value="jdbc:oracle:thin:@127.0.0.1:1521:xe" />
		
		<property name="driverClassName" value="org.mariadb.jdbc.Driver" />
		<property name="url" value="jdbc:mariadb://127.0.0.1:3306/project?allowMultiQueries=true&amp;characterEncoding=UTF-8&amp;useSSL=false&amp;autoReconnect=true&amp;serverTimezone=Asia/Seoul" />
		-->
		<property name="username" value="admin" />
		<property name="password" value="projecttest" />
	</bean>

	<bean id="sqlSessionFactory" class="org.mybatis.spring.SqlSessionFactoryBean">
        <property name="dataSource" ref="dataSource" />
		<property name="mapperLocations" value="classpath:/mapper/*.xml" />
    </bean>
    
    <bean id="sqlSessionTemplate" class="org.mybatis.spring.SqlSessionTemplate" destroy-method="clearCache">
        <constructor-arg index="0" ref="sqlSessionFactory"></constructor-arg>
    </bean>

	<bean class="org.mybatis.spring.mapper.MapperScannerConfigurer">
		<property name="basePackage" value="mapper" />
		<property name="sqlSessionTemplateBeanName" value="sqlSessionTemplate"/>
	</bean> 
	
</beans>     
