<?xml version="1.0" encoding="UTF-8"?>
<beans xmlns="http://www.springframework.org/schema/beans" xmlns:xsi="http://www.w3.org/2001/XMLSchema-instance"
    xmlns:p="http://www.springframework.org/schema/p"
    xmlns:context="http://www.springframework.org/schema/context"
    xmlns:mvc="http://www.springframework.org/schema/mvc"
    xsi:schemaLocation="http://www.springframework.org/schema/mvc http://www.springframework.org/schema/mvc/spring-mvc-3.2.xsd
		http://www.springframework.org/schema/beans http://www.springframework.org/schema/beans/spring-beans-3.2.xsd
		http://www.springframework.org/schema/context http://www.springframework.org/schema/context/spring-context-3.2.xsd">
		
	<!-- 특정 패키지 내의 클래스를 스캔하고 Annotation(@Component @Controller @Service @Repository)을 확인한 후 Bean 인스턴스로 생성한다. -->
	<context:component-scan base-package="com.basic" use-default-filters="false">
		<context:include-filter type="annotation" expression="org.springframework.stereotype.Controller" />
	</context:component-scan>

	<mvc:annotation-driven/>
	
	<!-- dispatcherServlet Jsp ViewResolver -->
	<bean class="org.springframework.web.servlet.view.InternalResourceViewResolver">
		<property name="prefix">
			<value>/WEB-INF/jsp/</value>
		</property>
		<property name="suffix">
			<value>.jsp</value>
		</property>
	</bean>	
	
	<!-- upload file MultipartResolver -->
	<bean id="multipartResolver" class="org.springframework.web.multipart.commons.CommonsMultipartResolver">
		<property name="maxUploadSize" value="100000000" /> <!-- 10MB -->
		<property name="defaultEncoding" value="utf-8" /> 
	</bean>
	
	<!-- interceptor -->
	<mvc:interceptors>
		<mvc:interceptor>
			<mvc:mapping path="/bbs/**"/>
			<mvc:exclude-mapping path="/bbs"/>
			<mvc:exclude-mapping path="/bbs-view"/>
			<mvc:exclude-mapping path="/login"/>
			<mvc:exclude-mapping path="/login-view"/>
			<mvc:exclude-mapping path="/logout"/>
			<mvc:exclude-mapping path="/join"/>
			<mvc:exclude-mapping path="/join-view"/>
			<bean id="interceptor" class="com.basic.interceptor.LoginInterceptor"/>
		</mvc:interceptor>
	</mvc:interceptors>
	
	<!-- resources access -->
	<mvc:resources location="/uploads/" mapping="/uploads/**"></mvc:resources>
	<mvc:resources location="/img/" mapping="/img/**"></mvc:resources>
	<mvc:resources location="/img/" mapping="/gif/**"></mvc:resources>
	<mvc:resources location="/css/" mapping="/css/**"></mvc:resources>
	<mvc:resources location="/js/" mapping="/js/**"></mvc:resources>
	<mvc:resources location="/jsp/" mapping="/jsp/**"></mvc:resources>
	<mvc:resources location="/img/" mapping="/png/**"></mvc:resources>
	
</beans>